Category,Subcategory
Arts & Entertainment,
Arts & Entertainment,Awards Shows
Arts & Entertainment,Books & Literature
Arts & Entertainment,Celebrity Fan/Gossip
Arts & Entertainment,Comics & Animation
Arts & Entertainment,Movies & Videos
Arts & Entertainment,Music
Arts & Entertainment,Television
Arts & Entertainment,Visual Arts
Arts & Entertainment,
Automotive,
Automotive,Buying & Selling Cars
Automotive,Insurance
Automotive,Maintenance
Automotive,Vehicles
Automotive,Vehicles/EV
Automotive,Vehicles/EV/Electric SUVs
Automotive,Vehicles/EV/Electric Truck
Automotive,Vehicles/EV/Luxury Electric Sedans
Automotive,Vehicles/EV/Luxury Electric SUVs
Automotive,Vehicles/Hybrid
Automotive,Vehicles/Luxury
Automotive,Vehicles/Luxury/Luxury Sedans
Automotive,Vehicles/Luxury/Luxury SUVs
Automotive,Vehicles/Mini Vans
Automotive,Vehicles/Motorcycles
Automotive,Vehicles/Pickup Trucks
Automotive,Vehicles/Pickup Trucks/Full Size Truck
Automotive,Vehicles/Pickup Trucks/Mid Size Truck
Automotive,Vehicles/Sedans
Automotive,Vehicles/Sports Cars
Automotive,Vehicles/SUVs
Automotive,Vehicles/SUVs/Compact SUVs
Automotive,Vehicles/SUVs/Full Size SUVs
Automotive,Vehicles/SUVs/Mid Size SUVs
Automotive,Vehicles/SUVs/Subcompact SUVs
Automotive,
Business,Agriculture
Business,Economics
Business,Small Business
Business,
Careers,
Education,College & University
Education,
Environment,Conservation
Environment,Energy
Environment,Global Warming
Environment,Green Living
Environment,
Family & Parenting,Babies & Toddlers
Family & Parenting,
Food & Drink,Alcoholic Drinks
Food & Drink,Cooking
Food & Drink,Desserts & Baking
Food & Drink,Dining Out
Food & Drink,Healthy Eating
Food & Drink,Recipes
Food & Drink,Vegetarian
Food & Drink,
Health & Fitness,Diet & Fitness
Health & Fitness,
Hobbies & Interests,Board & Card Games
Hobbies & Interests,Genealogy
Hobbies & Interests,Online Games
Hobbies & Interests,Toys
Hobbies & Interests,
Home & Garden,Cleaning & Laundry
Home & Garden,Do It Yourself
Home & Garden,Home Theater
Home & Garden,Interior Decorating
Home & Garden,Landscaping
Home & Garden,Remodeling & Construction
Home & Garden,
News,Africa & Middle East
News,Asia Pacific
News,Australia & New Zealand
News,Commuting
News,Europe
News,Government
News,Latin America
News,Local
News,Transportation
News,US & Canada
News,Weather
News,
Personal Finance,"Credit, Debt, & Loans"
Personal Finance,"Credit, Debt, & Loans/Automotive"
Personal Finance,"Credit, Debt, & Loans/Education"
Personal Finance,"Credit, Debt, & Loans/Home"
Personal Finance,Insurance
Personal Finance,Insurance/Life Insurance
Personal Finance,Investing
Personal Finance,Investing/ETFs
Personal Finance,Investing/Forex
Personal Finance,Investing/Retirement Planning
Personal Finance,Investing/Stocks
Personal Finance,Tax Planning
Personal Finance,
Pets,Cats
Pets,Dogs
Pets,
Real Estate,Commercial
Real Estate,Rental
Real Estate,Residential
Real Estate,Sales
Real Estate,
Reference,Maps
Reference,
Relationships,Weddings
Relationships,
Science,Astronomy
Science,Biology
Science,Botany
Science,Earth Science
Science,Engineering
Science,Mathematics
Science,
Shopping,Couponing
Shopping,
Society,Holidays & Celebrations
Society,Law & Ethics
Society,
Sports,American Football
Sports,Baseball
Sports,Basketball
Sports,Boxing
Sports,Cricket
Sports,Cycling
Sports,Fishing
Sports,Golf
Sports,Hockey
Sports,Martial Arts
Sports,Motorsports
Sports,Olympics
Sports,Rugby
Sports,Running
Sports,Skiing
Sports,Swimming & Diving
Sports,Tennis
Sports,World Soccer
Sports,Wrestling
Sports,
Style & Fashion,Beauty
Style & Fashion,Body Art
Style & Fashion,Clothing & Accessories
Style & Fashion,Cosmetics
Style & Fashion,Hair Care
Style & Fashion,Skin Care
Style & Fashion,
Technology & Computing,Android
Technology & Computing,Apple
Technology & Computing,Cameras & Camcorders
Technology & Computing,Cloud Computing
Technology & Computing,Computer Hardware
Technology & Computing,Computer Software
Technology & Computing,Computers
Technology & Computing,Enterprise Computing
Technology & Computing,Green Tech
Technology & Computing,Home Entertainment
Technology & Computing,Mobile
Technology & Computing,Video Games
Technology & Computing,Web & Graphic Design
Technology & Computing,
Travel,Adventure
Travel,Air Travel
Travel,Beach
Travel,Car Rental
Travel,Cruises
Travel,Destinations
Travel,Europe
Travel,Family Travel
Travel,Florida
Travel,Hotels & Accommodation
Travel,New York
Travel,Theme Parks
Travel,Winter
Travel,